{
  "_type": "export",
  "__export_format": 4,
  "__export_date": "2024-03-19T12:00:00.000Z",
  "__export_source": "insomnia.desktop.app:v2024.1.0",
  "resources": [
    {
      "_id": "req_root",
      "parentId": "wrk_game_servers",
      "modified": 1710849600000,
      "created": 1710849600000,
      "url": "{{ _.base_url }}",
      "name": "Root",
      "description": "",
      "method": "GET",
      "body": {},
      "parameters": [],
      "headers": [],
      "authentication": {},
      "metaSortKey": -1710849600000,
      "_type": "request"
    },
    {
      "_id": "req_register",
      "parentId": "wrk_game_servers",
      "modified": 1710849600000,
      "created": 1710849600000,
      "url": "{{ _.base_url }}/auth/register",
      "name": "Register",
      "description": "Регистрация нового пользователя",
      "method": "POST",
      "body": {
        "mimeType": "application/json",
        "text": "{\n\t\"email\": \"test@example.com\",\n\t\"password\": \"123456\"\n}"
      },
      "parameters": [],
      "headers": [
        {
          "name": "Content-Type",
          "value": "application/json"
        }
      ],
      "authentication": {},
      "metaSortKey": -1710849600000,
      "_type": "request"
    },
    {
      "_id": "req_login",
      "parentId": "wrk_game_servers",
      "modified": 1710849600000,
      "created": 1710849600000,
      "url": "{{ _.base_url }}/auth/login",
      "name": "Login",
      "description": "Вход в систему",
      "method": "POST",
      "body": {
        "mimeType": "application/json",
        "text": "{\n\t\"email\": \"test@example.com\",\n\t\"password\": \"123456\"\n}"
      },
      "parameters": [],
      "headers": [
        {
          "name": "Content-Type",
          "value": "application/json"
        }
      ],
      "authentication": {},
      "metaSortKey": -1710849600000,
      "_type": "request"
    },
    {
      "_id": "req_get_servers",
      "parentId": "wrk_game_servers",
      "modified": 1710849600000,
      "created": 1710849600000,
      "url": "{{ _.base_url }}/servers",
      "name": "Get All Servers",
      "description": "Получить список всех серверов",
      "method": "GET",
      "body": {},
      "parameters": [],
      "headers": [],
      "authentication": {},
      "metaSortKey": -1710849600000,
      "_type": "request"
    },
    {
      "_id": "req_get_available_servers",
      "parentId": "wrk_game_servers",
      "modified": 1710849600000,
      "created": 1710849600000,
      "url": "{{ _.base_url }}/servers/available",
      "name": "Get Available Servers",
      "description": "Получить список доступных серверов",
      "method": "GET",
      "body": {},
      "parameters": [],
      "headers": [],
      "authentication": {},
      "metaSortKey": -1710849600000,
      "_type": "request"
    },
    {
      "_id": "req_rent_server",
      "parentId": "wrk_game_servers",
      "modified": 1710849600000,
      "created": 1710849600000,
      "url": "{{ _.base_url }}/servers/1/rent",
      "name": "Rent Server",
      "description": "Арендовать сервер",
      "method": "POST",
      "body": {
        "mimeType": "application/json",
        "text": "{\n\t\"userId\": 1,\n\t\"endDate\": \"2024-04-19T12:00:00.000Z\"\n}"
      },
      "parameters": [],
      "headers": [
        {
          "name": "Content-Type",
          "value": "application/json"
        }
      ],
      "authentication": {},
      "metaSortKey": -1710849600000,
      "_type": "request"
    },
    {
      "_id": "req_extend_rental",
      "parentId": "wrk_game_servers",
      "modified": 1710849600000,
      "created": 1710849600000,
      "url": "{{ _.base_url }}/servers/1/extend",
      "name": "Extend Rental",
      "description": "Продлить аренду сервера",
      "method": "PUT",
      "body": {
        "mimeType": "application/json",
        "text": "{\n\t\"endDate\": \"2024-05-19T12:00:00.000Z\"\n}"
      },
      "parameters": [],
      "headers": [
        {
          "name": "Content-Type",
          "value": "application/json"
        }
      ],
      "authentication": {},
      "metaSortKey": -1710849600000,
      "_type": "request"
    },
    {
      "_id": "req_get_user_rentals",
      "parentId": "wrk_game_servers",
      "modified": 1710849600000,
      "created": 1710849600000,
      "url": "{{ _.base_url }}/rentals/user/1",
      "name": "Get User Rentals",
      "description": "Получить список аренд пользователя",
      "method": "GET",
      "body": {},
      "parameters": [],
      "headers": [],
      "authentication": {},
      "metaSortKey": -1710849600000,
      "_type": "request"
    },
    {
      "_id": "req_get_rental",
      "parentId": "wrk_game_servers",
      "modified": 1710849600000,
      "created": 1710849600000,
      "url": "{{ _.base_url }}/rentals/1",
      "name": "Get Rental",
      "description": "Получить информацию об аренде",
      "method": "GET",
      "body": {},
      "parameters": [],
      "headers": [],
      "authentication": {},
      "metaSortKey": -1710849600000,
      "_type": "request"
    },
    {
      "_id": "req_cancel_rental",
      "parentId": "wrk_game_servers",
      "modified": 1710849600000,
      "created": 1710849600000,
      "url": "{{ _.base_url }}/rentals/1",
      "name": "Cancel Rental",
      "description": "Отменить аренду",
      "method": "DELETE",
      "body": {},
      "parameters": [],
      "headers": [],
      "authentication": {},
      "metaSortKey": -1710849600000,
      "_type": "request"
    },
    {
      "_id": "env_base",
      "parentId": "wrk_game_servers",
      "modified": 1710849600000,
      "created": 1710849600000,
      "name": "Base Environment",
      "data": {
        "base_url": "http://localhost:3000"
      },
      "dataPropertyOrder": {
        "&": ["base_url"]
      },
      "color": null,
      "isPrivate": false,
      "metaSortKey": 1710849600000,
      "_type": "environment"
    },
    {
      "_id": "wrk_game_servers",
      "parentId": null,
      "modified": 1710849600000,
      "created": 1710849600000,
      "name": "Game Servers API",
      "description": "API для аренды игровых серверов",
      "scope": "collection",
      "_type": "workspace"
    }
  ]
}
