{
  "_type": "export",
  "__export_format": 4,
  "__export_date": "2024-03-20T12:00:00.000Z",
  "__export_source": "insomnia.desktop.app:v2024.1.0",
  "resources": [
    {
      "_id": "req_1",
      "parentId": "wrk_1",
      "modified": 1710936000000,
      "created": 1710936000000,
      "url": "{{ _.base_url }}/auth/register",
      "name": "Регистрация",
      "description": "",
      "method": "POST",
      "body": {
        "mimeType": "application/json",
        "text": "{\n\t\"email\": \"user@example.com\",\n\t\"password\": \"123456\"\n}"
      },
      "parameters": [],
      "headers": [
        {
          "name": "Content-Type",
          "value": "application/json"
        }
      ],
      "authentication": {},
      "metaSortKey": -1710936000000,
      "_type": "request"
    },
    {
      "_id": "req_2",
      "parentId": "wrk_1",
      "modified": 1710936000000,
      "created": 1710936000000,
      "url": "{{ _.base_url }}/auth/login",
      "name": "Вход",
      "description": "",
      "method": "POST",
      "body": {
        "mimeType": "application/json",
        "text": "{\n\t\"email\": \"user@example.com\",\n\t\"password\": \"123456\"\n}"
      },
      "parameters": [],
      "headers": [
        {
          "name": "Content-Type",
          "value": "application/json"
        }
      ],
      "authentication": {},
      "metaSortKey": -1710936000000,
      "_type": "request"
    },
    {
      "_id": "req_3",
      "parentId": "wrk_1",
      "modified": 1710936000000,
      "created": 1710936000000,
      "url": "{{ _.base_url }}/auth/balance",
      "name": "Пополнение баланса",
      "description": "",
      "method": "POST",
      "body": {
        "mimeType": "application/json",
        "text": "{\n\t\"userId\": 1,\n\t\"amount\": 1000\n}"
      },
      "parameters": [],
      "headers": [
        {
          "name": "Content-Type",
          "value": "application/json"
        }
      ],
      "authentication": {},
      "metaSortKey": -1710936000000,
      "_type": "request"
    },
    {
      "_id": "req_4",
      "parentId": "wrk_1",
      "modified": 1710936000000,
      "created": 1710936000000,
      "url": "{{ _.base_url }}/products",
      "name": "Список товаров",
      "description": "",
      "method": "GET",
      "body": {},
      "parameters": [],
      "headers": [],
      "authentication": {},
      "metaSortKey": -1710936000000,
      "_type": "request"
    },
    {
      "_id": "req_5",
      "parentId": "wrk_1",
      "modified": 1710936000000,
      "created": 1710936000000,
      "url": "{{ _.base_url }}/products/1",
      "name": "Получить товар",
      "description": "",
      "method": "GET",
      "body": {},
      "parameters": [],
      "headers": [],
      "authentication": {},
      "metaSortKey": -1710936000000,
      "_type": "request"
    },
    {
      "_id": "req_6",
      "parentId": "wrk_1",
      "modified": 1710936000000,
      "created": 1710936000000,
      "url": "{{ _.base_url }}/products/1/buy",
      "name": "Купить товар",
      "description": "",
      "method": "POST",
      "body": {
        "mimeType": "application/json",
        "text": "{\n\t\"userId\": 1\n}"
      },
      "parameters": [],
      "headers": [
        {
          "name": "Content-Type",
          "value": "application/json"
        }
      ],
      "authentication": {},
      "metaSortKey": -1710936000000,
      "_type": "request"
    },
    {
      "_id": "req_7",
      "parentId": "wrk_1",
      "modified": 1710936000000,
      "created": 1710936000000,
      "url": "{{ _.base_url }}/products/user/1/purchases",
      "name": "История покупок",
      "description": "",
      "method": "GET",
      "body": {},
      "parameters": [],
      "headers": [],
      "authentication": {},
      "metaSortKey": -1710936000000,
      "_type": "request"
    },
    {
      "_id": "req_8",
      "parentId": "wrk_1",
      "modified": 1710936000000,
      "created": 1710936000000,
      "url": "{{ _.base_url }}/categories",
      "name": "Список категорий",
      "description": "",
      "method": "GET",
      "body": {},
      "parameters": [],
      "headers": [],
      "authentication": {},
      "metaSortKey": -1710936000000,
      "_type": "request"
    },
    {
      "_id": "req_9",
      "parentId": "wrk_1",
      "modified": 1710936000000,
      "created": 1710936000000,
      "url": "{{ _.base_url }}/categories/1/products",
      "name": "Товары категории",
      "description": "",
      "method": "GET",
      "body": {},
      "parameters": [],
      "headers": [],
      "authentication": {},
      "metaSortKey": -1710936000000,
      "_type": "request"
    },
    {
      "_id": "env_1",
      "parentId": "wrk_1",
      "modified": 1710936000000,
      "created": 1710936000000,
      "name": "Base Environment",
      "data": {
        "base_url": "http://localhost:3000"
      },
      "dataPropertyOrder": {
        "&": ["base_url"]
      },
      "color": null,
      "isPrivate": false,
      "metaSortKey": 1710936000000,
      "_type": "environment"
    },
    {
      "_id": "wrk_1",
      "parentId": null,
      "modified": 1710936000000,
      "created": 1710936000000,
      "name": "Digital Marketplace API",
      "description": "",
      "scope": "collection",
      "_type": "workspace"
    }
  ]
}
