{
  "_type": "export",
  "__export_format": 4,
  "__export_date": "2024-03-19T12:00:00.000Z",
  "__export_source": "insomnia.desktop.app:v2024.1.0",
  "resources": [
    {
      "_id": "req_root",
      "parentId": "wrk_scooter_rental",
      "modified": 1710849600000,
      "created": 1710849600000,
      "url": "{{ _.base_url }}",
      "name": "Root",
      "description": "",
      "method": "GET",
      "body": {},
      "parameters": [],
      "headers": [],
      "authentication": {},
      "metaSortKey": -1710849600000,
      "_type": "request"
    },
    {
      "_id": "req_register",
      "parentId": "wrk_scooter_rental",
      "modified": 1710849600000,
      "created": 1710849600000,
      "url": "{{ _.base_url }}/auth/register",
      "name": "Register",
      "description": "Регистрация нового пользователя",
      "method": "POST",
      "body": {
        "mimeType": "application/json",
        "text": "{\n\t\"name\": \"Иван Иванов\",\n\t\"phone\": \"+79001234567\",\n\t\"password\": \"123456\"\n}"
      },
      "parameters": [],
      "headers": [
        {
          "name": "Content-Type",
          "value": "application/json"
        }
      ],
      "authentication": {},
      "metaSortKey": -1710849600000,
      "_type": "request"
    },
    {
      "_id": "req_login",
      "parentId": "wrk_scooter_rental",
      "modified": 1710849600000,
      "created": 1710849600000,
      "url": "{{ _.base_url }}/auth/login",
      "name": "Login",
      "description": "Вход в систему",
      "method": "POST",
      "body": {
        "mimeType": "application/json",
        "text": "{\n\t\"phone\": \"+79001234567\",\n\t\"password\": \"123456\"\n}"
      },
      "parameters": [],
      "headers": [
        {
          "name": "Content-Type",
          "value": "application/json"
        }
      ],
      "authentication": {},
      "metaSortKey": -1710849600000,
      "_type": "request"
    },
    {
      "_id": "req_balance",
      "parentId": "wrk_scooter_rental",
      "modified": 1710849600000,
      "created": 1710849600000,
      "url": "{{ _.base_url }}/auth/balance",
      "name": "Add Balance",
      "description": "Пополнение баланса",
      "method": "POST",
      "body": {
        "mimeType": "application/json",
        "text": "{\n\t\"userId\": 1,\n\t\"amount\": 1000\n}"
      },
      "parameters": [],
      "headers": [
        {
          "name": "Content-Type",
          "value": "application/json"
        }
      ],
      "authentication": {},
      "metaSortKey": -1710849600000,
      "_type": "request"
    },
    {
      "_id": "req_get_scooters",
      "parentId": "wrk_scooter_rental",
      "modified": 1710849600000,
      "created": 1710849600000,
      "url": "{{ _.base_url }}/scooters",
      "name": "Get All Scooters",
      "description": "Получить список всех самокатов",
      "method": "GET",
      "body": {},
      "parameters": [],
      "headers": [],
      "authentication": {},
      "metaSortKey": -1710849600000,
      "_type": "request"
    },
    {
      "_id": "req_get_available_scooters",
      "parentId": "wrk_scooter_rental",
      "modified": 1710849600000,
      "created": 1710849600000,
      "url": "{{ _.base_url }}/scooters/available",
      "name": "Get Available Scooters",
      "description": "Получить список доступных самокатов",
      "method": "GET",
      "body": {},
      "parameters": [],
      "headers": [],
      "authentication": {},
      "metaSortKey": -1710849600000,
      "_type": "request"
    },
    {
      "_id": "req_rent_scooter",
      "parentId": "wrk_scooter_rental",
      "modified": 1710849600000,
      "created": 1710849600000,
      "url": "{{ _.base_url }}/scooters/1/rent",
      "name": "Rent Scooter",
      "description": "Арендовать самокат",
      "method": "POST",
      "body": {
        "mimeType": "application/json",
        "text": "{\n\t\"userId\": 1\n}"
      },
      "parameters": [],
      "headers": [
        {
          "name": "Content-Type",
          "value": "application/json"
        }
      ],
      "authentication": {},
      "metaSortKey": -1710849600000,
      "_type": "request"
    },
    {
      "_id": "req_end_rental",
      "parentId": "wrk_scooter_rental",
      "modified": 1710849600000,
      "created": 1710849600000,
      "url": "{{ _.base_url }}/scooters/1/end",
      "name": "End Rental",
      "description": "Завершить аренду самоката",
      "method": "POST",
      "body": {
        "mimeType": "application/json",
        "text": "{\n\t\"userId\": 1\n}"
      },
      "parameters": [],
      "headers": [
        {
          "name": "Content-Type",
          "value": "application/json"
        }
      ],
      "authentication": {},
      "metaSortKey": -1710849600000,
      "_type": "request"
    },
    {
      "_id": "env_base",
      "parentId": "wrk_scooter_rental",
      "modified": 1710849600000,
      "created": 1710849600000,
      "name": "Base Environment",
      "data": {
        "base_url": "http://localhost:3000"
      },
      "dataPropertyOrder": {
        "&": ["base_url"]
      },
      "color": null,
      "isPrivate": false,
      "metaSortKey": 1710849600000,
      "_type": "environment"
    },
    {
      "_id": "wrk_scooter_rental",
      "parentId": null,
      "modified": 1710849600000,
      "created": 1710849600000,
      "name": "Scooter Rental API",
      "description": "API для аренды самокатов",
      "scope": "collection",
      "_type": "workspace"
    }
  ]
}
